{"cameraMode":{"drawMode":0,"name":"Shaded","section":"Shading Mode"},"sceneLighting":false,"audioPlay":false,"sceneViewState":{"showFog":false,"showMaterialUpdate":false,"showSkybox":false,"showFlares":true,"showImageEffects":true,"showParticleSystems":true},"in2DMode":false,"pivot":{"x":-1.4229755401611329,"y":23.58505630493164,"z":5.159938812255859},"rotation":{"x":0.13920629024505616,"y":-0.5908458232879639,"z":0.1044045016169548,"w":0.7877960205078125},"size":30.54732322692871,"orthographic":true}