{"cameraMode":{"drawMode":0,"name":"Shaded","section":"Shading Mode"},"sceneLighting":false,"audioPlay":false,"sceneViewState":{"showFog":false,"showMaterialUpdate":false,"showSkybox":false,"showFlares":true,"showImageEffects":true,"showParticleSystems":true},"in2DMode":false,"pivot":{"x":0.0000017881393432617188,"y":1.5082905292510987,"z":0.016342520713806154},"rotation":{"x":-0.026260782033205034,"y":-0.9570971131324768,"z":0.2735583782196045,"w":-0.09187839925289154},"size":7.741904258728027,"orthographic":true}