{"cameraMode":{"drawMode":0,"name":"Shaded","section":"Shading Mode"},"sceneLighting":false,"audioPlay":false,"sceneViewState":{"showFog":false,"showMaterialUpdate":false,"showSkybox":false,"showFlares":true,"showImageEffects":true,"showParticleSystems":true},"in2DMode":false,"pivot":{"x":1.08740234375,"y":1.75634765625,"z":-1.244140625},"rotation":{"x":0.12993189692497254,"y":0.12753356993198396,"z":-0.016854731366038324,"w":0.9831424951553345},"size":13.525646209716797,"orthographic":true}