{"cameraMode":{"drawMode":0,"name":"Shaded","section":"Shading Mode"},"sceneLighting":false,"audioPlay":false,"sceneViewState":{"showFog":false,"showMaterialUpdate":false,"showSkybox":false,"showFlares":true,"showImageEffects":true,"showParticleSystems":true},"in2DMode":false,"pivot":{"x":0.0000017881393432617188,"y":1.503180980682373,"z":0.016342580318450929},"rotation":{"x":-0.026260782033205034,"y":-0.9570971131324768,"z":0.2735583782196045,"w":-0.09187839925289154},"size":7.669738292694092,"orthographic":true}